Page URL,Custom Label
https://werkenbij.ggzingeest.nl/vacatures/basisarts-crisisdienstiht-haarlem/?utm_source=google&utm_medium=cpc&utm_campaign=job_feed,Arts
https://werkenbij.ggzingeest.nl/vacatures/basisarts-poliklinieken-depressie-en-mindway/?utm_source=google&utm_medium=cpc&utm_campaign=job_feed,Arts
https://werkenbij.ggzingeest.nl/vacatures/klinisch-psycholoog-polikliniek-angst-en-depressie-3/?utm_source=google&utm_medium=cpc&utm_campaign=job_feed,Psycholoog
https://werkenbij.ggzingeest.nl/vacatures/psychiater-kortdurende-basis-ggz-hope/?utm_source=google&utm_medium=cpc&utm_campaign=job_feed,Psychiater
https://werkenbij.ggzingeest.nl/vacatures/verpleegkundig-specialist-fact-osdorp/?utm_source=google&utm_medium=cpc&utm_campaign=job_feed,Specialist
https://werkenbij.ggzingeest.nl/vacatures/nacht-verpleegkundige-of-begeleider-kliniek-ouderen/?utm_source=google&utm_medium=cpc&utm_campaign=job_feed,Verpleegkundige
https://werkenbij.ggzingeest.nl/vacatures/ggz-agoog-casemanager-crisisdienst-spaa/?utm_source=google&utm_medium=cpc&utm_campaign=job_feed,Casemanager
https://werkenbij.ggzingeest.nl/vacatures/gz-psycholoog-fact-slotervaart-2/?utm_source=google&utm_medium=cpc&utm_campaign=job_feed,Psycholoog
https://werkenbij.ggzingeest.nl/vacatures/verpleegkundige-kliniek-high-care-2-4/?utm_source=google&utm_medium=cpc&utm_campaign=job_feed,Verpleegkundige
https://werkenbij.ggzingeest.nl/vacatures/psychiater-kliniek-high-care-haarlem/?utm_source=google&utm_medium=cpc&utm_campaign=job_feed,Psychiater
https://werkenbij.ggzingeest.nl/vacatures/verpleegkundige-iii-vervolgkliniek-open/?utm_source=google&utm_medium=cpc&utm_campaign=job_feed,Verpleegkundige
https://werkenbij.ggzingeest.nl/vacatures/nacht-verpleegkundige-begeleider-high-care/?utm_source=google&utm_medium=cpc&utm_campaign=job_feed,Verpleegkundige
https://werkenbij.ggzingeest.nl/vacatures/casemanager-fact-nieuw-west/?utm_source=google&utm_medium=cpc&utm_campaign=job_feed,Casemanager
https://werkenbij.ggzingeest.nl/vacatures/psychiater-kliniek-high-intensive-care-3/?utm_source=google&utm_medium=cpc&utm_campaign=job_feed,Psychiater
https://werkenbij.ggzingeest.nl/vacatures/ambulant-psychiatrisch-verpleegkundigebegeleider-fact-amstelveen/?utm_source=google&utm_medium=cpc&utm_campaign=job_feed,Verpleegkundige
https://werkenbij.ggzingeest.nl/vacatures/ervaringsdeskundige-fact-klinieken-1/?utm_source=google&utm_medium=cpc&utm_campaign=job_feed,Ervaringsdeskundige
https://werkenbij.ggzingeest.nl/vacatures/psychiater-flexibel-urencontract/?utm_source=google&utm_medium=cpc&utm_campaign=job_feed,Psychiater
https://werkenbij.ggzingeest.nl/vacatures/psychiater-polikliniek-persoonlijkheidsstoornissenangstdepressie/?utm_source=google&utm_medium=cpc&utm_campaign=job_feed,Psychiater
https://werkenbij.ggzingeest.nl/vacatures/ambulant-verpleegkundige-iht-crisisdienst-amsterdam-1/?utm_source=google&utm_medium=cpc&utm_campaign=job_feed,Verpleegkundige
https://werkenbij.ggzingeest.nl/vacatures/basisarts-high-care-amsterdam/?utm_source=google&utm_medium=cpc&utm_campaign=job_feed,Arts
https://werkenbij.ggzingeest.nl/vacatures/verpleegkundig-specialist-fact-ouderen-amstelveen/?utm_source=google&utm_medium=cpc&utm_campaign=job_feed,Specialist
https://werkenbij.ggzingeest.nl/vacatures/mboverpleegkundige-psychiatrie/?utm_source=google&utm_medium=cpc&utm_campaign=job_feed,Verpleegkundige
https://werkenbij.ggzingeest.nl/vacatures/basisarts-westerpoort/?utm_source=google&utm_medium=cpc&utm_campaign=job_feed,Arts
https://werkenbij.ggzingeest.nl/vacatures/arts-in-opleiding-tot-psychiater-aios/?utm_source=google&utm_medium=cpc&utm_campaign=job_feed,Psychiater
https://werkenbij.ggzingeest.nl/vacatures/psychiater-ouderen-open-amsterdam/?utm_source=google&utm_medium=cpc&utm_campaign=job_feed,Psychiater
https://werkenbij.ggzingeest.nl/vacatures/verpleegkundige-neuromodulatie-amsterdam/?utm_source=google&utm_medium=cpc&utm_campaign=job_feed,Verpleegkundige
https://werkenbij.ggzingeest.nl/vacatures/begeleider-i-en-ii-vervolgkliniek-open/?utm_source=google&utm_medium=cpc&utm_campaign=job_feed,Begeleider
https://werkenbij.ggzingeest.nl/vacatures/activiteitenbegeleider-gesloten-kliniek/?utm_source=google&utm_medium=cpc&utm_campaign=job_feed,Begeleider
https://werkenbij.ggzingeest.nl/vacatures/begeleider-amsterdam-kliniek-high-intensive-care-1/?utm_source=google&utm_medium=cpc&utm_campaign=job_feed,Begeleider
https://werkenbij.ggzingeest.nl/vacatures/verpleegkundige-i-en-ii-vervolgkliniek-gesloten/?utm_source=google&utm_medium=cpc&utm_campaign=job_feed,Verpleegkundige
https://werkenbij.ggzingeest.nl/vacatures/gz-psycholoog-fact-ouderen-amstelveen-1/?utm_source=google&utm_medium=cpc&utm_campaign=job_feed,Psycholoog
https://werkenbij.ggzingeest.nl/vacatures/psychiater-kliniek-amstelmere/?utm_source=google&utm_medium=cpc&utm_campaign=job_feed,Psychiater
https://werkenbij.ggzingeest.nl/vacatures/ambulant-verpleegkundige-crisisdienst-spaa-amsterdam/?utm_source=google&utm_medium=cpc&utm_campaign=job_feed,Verpleegkundige
https://werkenbij.ggzingeest.nl/vacatures/basisarts-fact-slotervaart-5/?utm_source=google&utm_medium=cpc&utm_campaign=job_feed,Arts
https://werkenbij.ggzingeest.nl/vacatures/basisarts-hc-haarlem/?utm_source=google&utm_medium=cpc&utm_campaign=job_feed,Arts
https://werkenbij.ggzingeest.nl/vacatures/opleiding-tot-verpleegkundig-specialist-ggz-2-3/?utm_source=google&utm_medium=cpc&utm_campaign=job_feed,Specialist
https://werkenbij.ggzingeest.nl/vacatures/flexibele-verpleegkundig-specialist-fact/?utm_source=google&utm_medium=cpc&utm_campaign=job_feed,Specialist
https://werkenbij.ggzingeest.nl/vacatures/basisarts-fact-haarlem/?utm_source=google&utm_medium=cpc&utm_campaign=job_feed,Arts
https://werkenbij.ggzingeest.nl/vacatures/gz-psycholoog-fact-amstelveen-4/?utm_source=google&utm_medium=cpc&utm_campaign=job_feed,Psycholoog
https://werkenbij.ggzingeest.nl/vacatures/basisarts-fact-hoofddorp-6/?utm_source=google&utm_medium=cpc&utm_campaign=job_feed,Arts
https://werkenbij.ggzingeest.nl/vacatures/verpleegkundige-begeleider-high-care/?utm_source=google&utm_medium=cpc&utm_campaign=job_feed,Verpleegkundige
https://werkenbij.ggzingeest.nl/vacatures/secretaresse-klachtencommissie/?utm_source=google&utm_medium=cpc&utm_campaign=job_feed,Zorg
https://werkenbij.ggzingeest.nl/vacatures/trajectbegeleider-fact-ouderen-west/?utm_source=google&utm_medium=cpc&utm_campaign=job_feed,Begeleider
https://werkenbij.ggzingeest.nl/vacatures/hboverpleegkundige-in-de-psychiatrie/?utm_source=google&utm_medium=cpc&utm_campaign=job_feed,Verpleegkundige
https://werkenbij.ggzingeest.nl/vacatures/afdelingsmanager-fact-amsterdam-1/?utm_source=google&utm_medium=cpc&utm_campaign=job_feed,Zorg
https://werkenbij.ggzingeest.nl/vacatures/psychiater-polikliniek-jongvolwassenen-4/?utm_source=google&utm_medium=cpc&utm_campaign=job_feed,Psychiater
https://werkenbij.ggzingeest.nl/vacatures/specialist-ouderengeneeskunde-fact-ouderen-amstelveen-1/?utm_source=google&utm_medium=cpc&utm_campaign=job_feed,Specialist
https://werkenbij.ggzingeest.nl/vacatures/verpleegkundig-specialist-polikliniek-persoonlijkheidsstoornissen/?utm_source=google&utm_medium=cpc&utm_campaign=job_feed,Specialist
https://werkenbij.ggzingeest.nl/vacatures/verpleegkundige-iii-vervolgkliniek-gesloten/?utm_source=google&utm_medium=cpc&utm_campaign=job_feed,Verpleegkundige
https://werkenbij.ggzingeest.nl/vacatures/verpleegkundig-specialist-hope-1/?utm_source=google&utm_medium=cpc&utm_campaign=job_feed,Specialist
https://werkenbij.ggzingeest.nl/vacatures/begeleider-medium-care-amstelveen/?utm_source=google&utm_medium=cpc&utm_campaign=job_feed,Begeleider
https://werkenbij.ggzingeest.nl/vacatures/verpleegkundige-kliniek-ouderen-2-3/?utm_source=google&utm_medium=cpc&utm_campaign=job_feed,Verpleegkundige
https://werkenbij.ggzingeest.nl/vacatures/opleidingsplaats-verpleegkundige-niveau-6-duaal-regulier/?utm_source=google&utm_medium=cpc&utm_campaign=job_feed,Verpleegkundige
https://werkenbij.ggzingeest.nl/vacatures/verpleegkundige-triagist-spoedeisende-psychiatrie-kennemerland-1/?utm_source=google&utm_medium=cpc&utm_campaign=job_feed,Verpleegkundige
https://werkenbij.ggzingeest.nl/vacatures/ambulant-verpleegkundige-i-1/?utm_source=google&utm_medium=cpc&utm_campaign=job_feed,Verpleegkundige
https://werkenbij.ggzingeest.nl/vacatures/begeleider-verpleegkundige-flexpool-nacht/?utm_source=google&utm_medium=cpc&utm_campaign=job_feed,Verpleegkundige
https://werkenbij.ggzingeest.nl/vacatures/basisarts-kliniek-ouderen-5/?utm_source=google&utm_medium=cpc&utm_campaign=job_feed,Arts
https://werkenbij.ggzingeest.nl/vacatures/ambulant-verpleegkundigecasemanager-act-amsterdam/?utm_source=google&utm_medium=cpc&utm_campaign=job_feed,Verpleegkundige
https://werkenbij.ggzingeest.nl/vacatures/ambulant-verpleegkundigebegeleider-fact-ouderen-amsterdam-zuid-4/?utm_source=google&utm_medium=cpc&utm_campaign=job_feed,Verpleegkundige
https://werkenbij.ggzingeest.nl/vacatures/medewerker-zorgcontrol-1/?utm_source=google&utm_medium=cpc&utm_campaign=job_feed,Zorg
https://werkenbij.ggzingeest.nl/vacatures/verpleegkundig-specialist-fact-amstelland/?utm_source=google&utm_medium=cpc&utm_campaign=job_feed,Specialist
https://werkenbij.ggzingeest.nl/vacatures/verpleegkundig-specialist-hope-haarlem/?utm_source=google&utm_medium=cpc&utm_campaign=job_feed,Specialist
https://werkenbij.ggzingeest.nl/vacatures/verpleegkundig-specialist-fact-hoofddorp-1/?utm_source=google&utm_medium=cpc&utm_campaign=job_feed,Specialist
https://werkenbij.ggzingeest.nl/vacatures/psychiater-fact-flexibel-urencontract/?utm_source=google&utm_medium=cpc&utm_campaign=job_feed,Psychiater
https://werkenbij.ggzingeest.nl/vacatures/maatschappelijk-werker-fact-hoofddorp-3/?utm_source=google&utm_medium=cpc&utm_campaign=job_feed,Zorg
https://werkenbij.ggzingeest.nl/vacatures/ervaringsdeskundige-amstelmere/?utm_source=google&utm_medium=cpc&utm_campaign=job_feed,Ervaringsdeskundige
https://werkenbij.ggzingeest.nl/vacatures/woonbegeleider-besloten-wonen-nieuwe-afdeling-westerpoort/?utm_source=google&utm_medium=cpc&utm_campaign=job_feed,Begeleider
https://werkenbij.ggzingeest.nl/vacatures/verpleegkundige-woonlocatie-2/?utm_source=google&utm_medium=cpc&utm_campaign=job_feed,Verpleegkundige
https://werkenbij.ggzingeest.nl/vacatures/familie-ervaringsdeskundige-fed-amsterdam-haarlem/?utm_source=google&utm_medium=cpc&utm_campaign=job_feed,Ervaringsdeskundige
https://werkenbij.ggzingeest.nl/vacatures/corporate-recruiter-tijdelijke-functie-voor-6-maanden/?utm_source=google&utm_medium=cpc&utm_campaign=job_feed,Zorg
https://werkenbij.ggzingeest.nl/vacatures/verpleegkundige-gesloten-kliniek-ouderen/?utm_source=google&utm_medium=cpc&utm_campaign=job_feed,Verpleegkundige
https://werkenbij.ggzingeest.nl/vacatures/applicatiespecialist-change-en-releasemanager/?utm_source=google&utm_medium=cpc&utm_campaign=job_feed,Specialist
https://werkenbij.ggzingeest.nl/vacatures/begeleiderverpleegkundige-flexpool-4/?utm_source=google&utm_medium=cpc&utm_campaign=job_feed,Verpleegkundige
https://werkenbij.ggzingeest.nl/vacatures/psychiater-polikliniek-ouderen-1/?utm_source=google&utm_medium=cpc&utm_campaign=job_feed,Psychiater
https://werkenbij.ggzingeest.nl/vacatures/gz-psycholoog-fact-amstelland-4/?utm_source=google&utm_medium=cpc&utm_campaign=job_feed,Psycholoog
https://werkenbij.ggzingeest.nl/vacatures/opleidingsplaats-verpleegkundige-niveau-4-duaal-regulier-3/?utm_source=google&utm_medium=cpc&utm_campaign=job_feed,Verpleegkundige
https://werkenbij.ggzingeest.nl/vacatures/applicatiespecialist-zorglogistiek/?utm_source=google&utm_medium=cpc&utm_campaign=job_feed,Specialist
https://werkenbij.ggzingeest.nl/vacatures/basisarts-spoedeisende-psychiatrie-amsterdam-amstelland/?utm_source=google&utm_medium=cpc&utm_campaign=job_feed,Arts
https://werkenbij.ggzingeest.nl/vacatures/zorgbeveiliger-in-de-nacht-hic/?utm_source=google&utm_medium=cpc&utm_campaign=job_feed,Zorg
https://werkenbij.ggzingeest.nl/vacatures/project-controller/?utm_source=google&utm_medium=cpc&utm_campaign=job_feed,Zorg
https://werkenbij.ggzingeest.nl/vacatures/teamcoordinator-gesloten-kliniek-westerpoort/?utm_source=google&utm_medium=cpc&utm_campaign=job_feed,Zorg
https://werkenbij.ggzingeest.nl/vacatures/verpleegkundige-klinieken-amstelveen/?utm_source=google&utm_medium=cpc&utm_campaign=job_feed,Verpleegkundige
https://werkenbij.ggzingeest.nl/vacatures/klinisch-psycholoog-fact-amstelveen-amstelland/?utm_source=google&utm_medium=cpc&utm_campaign=job_feed,Psycholoog
https://werkenbij.ggzingeest.nl/vacatures/nachtdienst-high-intensive-care/?utm_source=google&utm_medium=cpc&utm_campaign=job_feed,Verpleegkundige
https://werkenbij.ggzingeest.nl/vacatures/basisarts-jongvolwassenen-amsterdam/?utm_source=google&utm_medium=cpc&utm_campaign=job_feed,Arts
https://werkenbij.ggzingeest.nl/vacatures/geriater-of-specialist-ouderengeneeskunde-ouderen-open-amsterdam/?utm_source=google&utm_medium=cpc&utm_campaign=job_feed,Specialist
https://werkenbij.ggzingeest.nl/vacatures/klinisch-psycholoog-fact-slotervaart/?utm_source=google&utm_medium=cpc&utm_campaign=job_feed,Psycholoog
https://werkenbij.ggzingeest.nl/vacatures/persoonlijk-begeleider-besloten-wonen-nieuwe-afdeling-westerpoort/?utm_source=google&utm_medium=cpc&utm_campaign=job_feed,Begeleider
https://werkenbij.ggzingeest.nl/vacatures/verpleegkundig-specialist-hope-2/?utm_source=google&utm_medium=cpc&utm_campaign=job_feed,Specialist
https://werkenbij.ggzingeest.nl/vacatures/managementassistent-zorgcluster-fact-1/?utm_source=google&utm_medium=cpc&utm_campaign=job_feed,Zorg
https://werkenbij.ggzingeest.nl/vacatures/casemanager-fact-ggz-ingeest/?utm_source=google&utm_medium=cpc&utm_campaign=job_feed,Casemanager
https://werkenbij.ggzingeest.nl/vacatures/gz-psycholoog-poli-angst-depressie-spaarnepoort/?utm_source=google&utm_medium=cpc&utm_campaign=job_feed,Psycholoog
https://werkenbij.ggzingeest.nl/vacatures/gz-psycholoog-polis-en-fact-amstelveen/?utm_source=google&utm_medium=cpc&utm_campaign=job_feed,Psycholoog
https://werkenbij.ggzingeest.nl/vacatures/afdelingsmanager-spoedeisende-psychiatrie-kennemerland-intensive-home-treatment/?utm_source=google&utm_medium=cpc&utm_campaign=job_feed,Zorg
https://werkenbij.ggzingeest.nl/vacatures/verpleegkundig-specialist-ouderen-amsterdam-1/?utm_source=google&utm_medium=cpc&utm_campaign=job_feed,Specialist
https://werkenbij.ggzingeest.nl/vacatures/verpleegkundig-specialist-kliniek-high-care-haarlem/?utm_source=google&utm_medium=cpc&utm_campaign=job_feed,Specialist
https://werkenbij.ggzingeest.nl/vacatures/basisarts-jongvolwassenen-haarlem/?utm_source=google&utm_medium=cpc&utm_campaign=job_feed,Arts
https://werkenbij.ggzingeest.nl/vacatures/afdelingsmanager-inkoop-contractmanagement/?utm_source=google&utm_medium=cpc&utm_campaign=job_feed,Zorg
https://werkenbij.ggzingeest.nl/vacatures/klinisch-psycholoog-polikliniek-jongvolwassenen-3/?utm_source=google&utm_medium=cpc&utm_campaign=job_feed,Psycholoog
https://werkenbij.ggzingeest.nl/vacatures/verpleegkundige-besloten-wonen-westerpoort/?utm_source=google&utm_medium=cpc&utm_campaign=job_feed,Verpleegkundige
https://werkenbij.ggzingeest.nl/vacatures/verpleegkundige-kliniek-high-intensive-care-2-4/?utm_source=google&utm_medium=cpc&utm_campaign=job_feed,Verpleegkundige
https://werkenbij.ggzingeest.nl/vacatures/psychiater-fact-hoofddorp-3/?utm_source=google&utm_medium=cpc&utm_campaign=job_feed,Psychiater
https://werkenbij.ggzingeest.nl/vacatures/verpleegkundig-specialist-polikliniek-angst-en-depressie-24-32-uur-1/?utm_source=google&utm_medium=cpc&utm_campaign=job_feed,Specialist
https://werkenbij.ggzingeest.nl/vacatures/ambulant-verpleegkundigebegeleider-fact-flexpool-2/?utm_source=google&utm_medium=cpc&utm_campaign=job_feed,Verpleegkundige
https://werkenbij.ggzingeest.nl/vacatures/opleidingsplaats-verpleegkundige-niveau-4-duaal-verkort-1/?utm_source=google&utm_medium=cpc&utm_campaign=job_feed,Verpleegkundige
https://werkenbij.ggzingeest.nl/vacatures/kok-en-locatieassistent-woonlocatie-amsterdam/?utm_source=google&utm_medium=cpc&utm_campaign=job_feed,Zorg
https://werkenbij.ggzingeest.nl/vacatures/basisarts-high-intensive-care-haarlem/?utm_source=google&utm_medium=cpc&utm_campaign=job_feed,Arts
https://werkenbij.ggzingeest.nl/vacatures/begeleider-kliniek-high-care-amstelveen/?utm_source=google&utm_medium=cpc&utm_campaign=job_feed,Begeleider
https://werkenbij.ggzingeest.nl/vacatures/contractmanager-1/?utm_source=google&utm_medium=cpc&utm_campaign=job_feed,Zorg
https://werkenbij.ggzingeest.nl/vacatures/projectleider-vastgoedbeheer/?utm_source=google&utm_medium=cpc&utm_campaign=job_feed,Zorg
https://werkenbij.ggzingeest.nl/vacatures/gz-psycholoog-vervolgkliniek/?utm_source=google&utm_medium=cpc&utm_campaign=job_feed,Psycholoog
https://werkenbij.ggzingeest.nl/vacatures/begeleider-i-en-ii-vervolgkliniek-gesloten/?utm_source=google&utm_medium=cpc&utm_campaign=job_feed,Begeleider
https://werkenbij.ggzingeest.nl/vacatures/verpleegkundige-kliniek-high-intensive-care-6/?utm_source=google&utm_medium=cpc&utm_campaign=job_feed,Verpleegkundige
https://werkenbij.ggzingeest.nl/vacatures/opleidingsplaats-verpleegkundige-niveau-6-duaal-verkort/?utm_source=google&utm_medium=cpc&utm_campaign=job_feed,Verpleegkundige
https://werkenbij.ggzingeest.nl/vacatures/nachtverpleegkundige-vig-of-begeleider-vervolgkliniek/?utm_source=google&utm_medium=cpc&utm_campaign=job_feed,Verpleegkundige
https://werkenbij.ggzingeest.nl/vacatures/begeleider-kliniek-high-intensive-care-2-5/?utm_source=google&utm_medium=cpc&utm_campaign=job_feed,Begeleider
https://werkenbij.ggzingeest.nl/vacatures/verpleegkundig-specialist-polikliniek-depressie/?utm_source=google&utm_medium=cpc&utm_campaign=job_feed,Specialist
https://werkenbij.ggzingeest.nl/vacatures/verpleegkundige-i-en-ii-vervolgkliniek-open/?utm_source=google&utm_medium=cpc&utm_campaign=job_feed,Verpleegkundige
